"origin","destination","distance"
1,1,0
2,1,405.923519043251
3,1,1462.06731217038
4,1,2003.88600426982
5,1,1560.88473188545
6,1,1589.29760815819
7,1,1386.23783729309
8,1,2104.2881590633
9,1,2273.2344264768
10,1,1377.19520334607
11,1,793.609339490321
12,1,173.396987820933
13,1,1848.78692284221
14,1,110.234289814249
15,1,1893.04235765487
16,1,17.817906865471
17,1,2273.2344264768
18,1,1956.70829521488
19,1,1377.1952259039
20,1,1059.75644025112
21,1,2438.51399204071
22,1,177.635787574786
23,1,1716.16059051743
24,1,1822.54474658621
25,1,541.69057021126
26,1,1716.16059051743
27,1,766.538834292591
28,1,1353.17981827512
29,1,2181.2384189808
30,1,975.577548338892
31,1,2.85786471162527
32,1,1944.58053625588
33,1,1380.09709531755
34,1,2224.96379281409
35,1,454.229019713877
36,1,775.764190782659
37,1,239.773108330123
38,1,219.54981216025
39,1,2155.45398247099
40,1,461.839931698598
41,1,1936.78041250382
42,1,1686.50272695677
43,1,1030.07872054444
44,1,79.6617892963522
45,1,2266.34473085739
46,1,230.896007484624
47,1,1143.9189479313
48,1,1204.74881891957
49,1,2173.36281200998
50,1,2232.30034209361
51,1,1404.12380290482
52,1,1912.39580864603
53,1,1213.73574852672
54,1,1179.66481470949
55,1,374.083076052859
1,2,405.923519043251
2,2,0
3,2,1675.6865049487
4,2,2248.7021890945
5,2,1920.030903586
6,2,1931.10536302741
7,2,1596.65086962935
8,2,2379.4384887832
9,2,2539.65069314389
10,2,1583.30374674092
11,2,750.280155456991
12,2,571.615314915066
13,2,2083.45296786472
14,2,515.237041158283
15,2,2138.40666758256
16,2,397.900424749377
17,2,2539.65069314389
18,2,2209.16233146204
19,2,1583.30377816052
20,2,1437.89485136627
21,2,2714.6127903513
22,2,583.378627644657
23,2,1939.84551493354
24,2,2063.05972358007
25,2,153.088192075945
26,2,1939.84551493354
27,2,912.382558870146
28,2,1531.11392554202
29,2,2496.01649872148
30,2,1102.43120408283
31,2,403.072054203698
32,2,2202.42943593919
33,2,1588.33790532029
34,2,2501.10852759204
35,2,792.182777864467
36,2,943.870346930994
37,2,177.894129132588
38,2,205.915509423032
39,2,2464.89221767855
40,2,574.318671051451
41,2,2245.98909800426
42,2,1903.40386864682
43,2,1435.99808957267
44,2,485.526738038965
45,2,2558.19522501621
46,2,225.377289869041
47,2,1171.20282533193
48,2,1608.33199212562
49,2,2479.36643654569
50,2,2515.9036070241
51,2,1803.24901356552
52,2,2173.57193721699
53,2,1615.06883425484
54,2,1234.51546230053
55,2,493.356716649158
1,3,1462.06731217038
2,3,1675.6865049487
3,3,0
4,3,584.376621563164
5,3,2231.93802990033
6,3,750.93919964462
7,3,79.19266000273
8,3,761.378981257547
9,3,895.466543728431
10,3,94.9770274142021
11,3,1076.78694245739
12,3,1457.37171826542
13,3,413.418598035715
14,3,1403.87361130236
15,3,478.672326752216
16,3,1479.86770750355
17,3,895.466543728431
18,3,556.691174909012
19,3,94.9769888891118
20,3,1794.75623131093
21,3,1080.79934283543
22,3,1404.33588123028
23,3,265.093458933376
24,3,400.123952252162
25,3,1820.18419908968
26,3,265.093458933376
27,3,768.69366636002
28,3,196.44108306424
29,3,993.217699821031
30,3,613.034952391828
31,3,1463.11763207297
32,3,559.91212760613
33,3,88.3753072444351
34,3,877.290523101363
35,3,1042.08076057262
36,3,732.540672636929
37,3,1617.63635995569
38,3,1617.60716133051
39,3,944.959892394754
40,3,1101.42771609219
41,3,762.646576542298
42,3,227.855115075291
43,3,1371.2217152287
44,3,1432.8765116302
45,3,969.551402754764
46,3,1650.39468868664
47,3,766.85276933252
48,3,1569.67723615037
49,3,944.529368306813
50,3,908.521538518984
51,3,1266.36673755018
52,3,540.16395448361
53,3,1626.21439687997
54,3,674.497104746517
55,3,1184.2549815619
1,4,2003.88600426982
2,4,2248.7021890945
3,4,584.376621563164
4,4,0
5,4,2485.70046119079
6,4,762.78099098624
7,4,662.600441817943
8,4,238.241494095214
9,4,319.144779060989
10,4,679.35363631811
11,4,1658.7667844407
12,4,1973.94322878679
13,4,172.320798794981
14,4,1933.13504154071
15,4,110.975483570085
16,4,2021.64022842074
17,4,319.144779060989
18,4,65.6021891273528
19,4,679.353597780994
20,4,2127.57463113294
21,4,506.45819127243
22,4,1921.99224560902
23,4,323.862590600577
24,4,185.984062678772
25,4,2395.73994100119
26,4,323.862590600577
27,4,1349.78023880319
28,4,764.305057667321
29,4,564.055044361084
30,4,1196.8068364032
31,4,2005.27013065959
32,4,99.4468613518066
33,4,672.508160107343
34,4,324.172082478062
35,4,1560.99495462955
36,4,1310.73613343763
37,4,2178.31740669853
38,4,2175.64530383705
39,4,509.478412621778
40,4,1676.34634857232
41,4,452.254860314436
42,4,369.343646971142
43,4,1673.300711754
44,4,1964.7946581158
45,4,446.783696741594
46,4,2205.99724672522
47,4,1319.32605038513
48,4,1826.93733324566
49,4,491.295591122795
50,4,372.043072652112
51,4,1414.21230455507
52,4,134.472413530371
53,4,1887.08340249159
54,4,1224.66075483835
55,4,1755.41132804525
1,5,1560.88473188545
2,5,1920.030903586
3,5,2231.93802990033
4,5,2485.70046119079
5,5,0
6,5,1733.4510824001
7,5,2194.59664868191
8,5,2423.68418363629
9,5,2589.29092370141
10,5,2202.02297729622
11,5,2239.09762753169
12,5,1390.77689836744
13,5,2415.91663032453
14,5,1477.25983201042
15,5,2404.74425606271
16,5,1560.01879560464
17,5,2589.29092370141
18,5,2420.24472719102
19,5,2202.02296473168
20,5,518.814851067831
21,5,2668.65283967033
22,5,1406.3005834263
23,5,2365.00154938793
24,5,2375.07486614439
25,5,2007.32139022484
26,5,2365.00154938793
27,5,1992.2963262327
28,5,2266.67353302389
29,5,2268.31033896751
30,5,2144.24876079472
31,5,1563.42771537302
32,5,2388.77268294653
33,5,2197.40540574273
34,5,2506.87313313293
35,5,1522.29522797383
36,5,1958.91010282965
37,5,1744.55617190431
38,5,1715.76050998903
39,5,2281.25201013368
40,5,1881.85999479977
41,5,2133.50415009311
42,5,2368.58264306648
43,5,862.587606070058
44,5,1491.41507689291
45,5,2457.96186203593
46,5,1694.92643842398
47,5,2426.00404073644
48,5,666.6277417526
49,5,2313.47227475093
50,5,2475.37168621471
51,5,1085.28518796191
52,5,2352.043137654
53,5,608.034469651146
54,5,2409.13643718913
55,5,1834.48317311041
1,6,1589.29760815819
2,6,1931.10536302741
3,6,750.93919964462
4,6,762.78099098624
5,6,1733.4510824001
6,6,0
7,6,771.261759762991
8,6,693.653769578874
9,6,864.977072982402
10,6,790.687656809252
11,6,1574.03733982386
12,6,1501.09834246172
13,6,729.265966711045
14,6,1492.80362979416
15,6,697.158202791044
16,6,1605.35752924466
17,6,864.977072982402
18,6,697.373886539463
19,6,790.6876165952
20,6,1418.52523509738
21,6,972.644052661544
22,6,1456.32835744051
23,6,734.901383788263
24,6,688.331175337756
25,6,2084.02090774033
26,6,734.901383788263
27,6,1192.23009657033
28,6,907.956419517529
29,6,621.911704094529
30,6,1153.23623417431
31,6,1591.48368901588
32,6,663.713456251938
33,6,781.300637203563
34,6,786.996260152831
35,6,1143.88205928015
36,6,1138.56443212064
37,6,1809.98789822628
38,6,1797.78734056757
39,6,611.453418051836
40,6,1422.9889782252
41,6,418.032901286143
42,6,760.143080386851
43,6,964.678870479424
44,6,1527.93350833312
45,6,766.399276912268
46,6,1817.42844568454
47,6,1410.1666610884
48,6,1086.86670891037
49,6,637.832353402618
50,6,765.14654132479
51,6,653.193689421999
52,6,628.394517030746
53,6,1146.83334447812
54,6,1332.20896833726
55,6,1471.93126648928
1,7,1386.23783729309
2,7,1596.65086962935
3,7,79.19266000273
4,7,662.600441817943
5,7,2194.59664868191
6,7,771.261759762991
7,7,0
8,7,834.692716181167
9,7,972.104467249223
10,7,21.3656122001539
11,7,1000.89207422824
12,7,1384.91650618051
13,7,492.110921279504
14,7,1329.77260192272
15,7,556.060189742327
16,7,1404.02325717452
17,7,972.104467249223
18,7,633.343009809493
19,7,21.3655663719201
20,7,1748.05997208775
21,7,1156.83170991389
22,7,1331.84374260871
23,7,344.260994859135
24,7,477.731709231771
25,7,1741.03439218372
26,7,344.260994859135
27,7,689.53136031325
28,7,141.245454593918
29,7,1055.7857440003
30,7,536.236498659045
31,7,1387.24518689519
32,7,635.218306777486
33,7,11.7206589165094
34,7,951.775163412558
35,7,970.508117047411
36,7,653.382720401704
37,7,1539.57078557456
38,7,1539.80162104049
39,7,1008.81528572168
40,7,1022.36567848007
41,7,819.729797524049
42,7,306.762648165356
43,7,1332.28409186202
44,7,1358.36886580715
45,7,1040.79055173138
46,7,1572.82177875422
47,7,703.181356762377
48,7,1535.77896068244
49,7,1009.96160403064
50,7,981.400969047818
51,7,1252.46903686628
52,7,614.050893043047
53,7,1591.31491310106
54,7,612.519052726033
55,7,1105.42617768076
1,8,2104.2881590633
2,8,2379.4384887832
3,8,761.378981257547
4,8,238.241494095214
5,8,2423.68418363629
6,8,693.653769578874
7,8,834.692716181167
8,8,0
9,8,177.480069158405
10,8,853.918130018893
11,8,1834.49728625335
12,8,2055.75657067814
13,8,382.429632198663
14,8,2024.68068017066
15,8,301.929192808797
16,8,2121.78115662046
17,8,177.480069158405
18,8,222.830352423421
19,8,853.918087036094
20,8,2106.94218119138
21,8,335.461660804973
22,8,2005.38708715423
23,8,524.189173907957
24,8,375.733346765945
25,8,2529.5639948226
26,8,524.189173907957
27,8,1502.31762114897
28,8,953.490150276279
29,8,333.166091207474
30,8,1369.10260892998
31,8,2105.93147255105
32,8,206.731120459767
33,8,845.728723614468
34,8,121.671333694653
35,8,1652.42485348752
36,8,1458.60783656219
37,8,2294.41260214734
38,8,2289.00621302244
39,8,279.732506737516
40,8,1814.63317017715
41,8,297.70891422774
42,8,572.680847286839
43,8,1651.10732674193
44,8,2057.87640222487
45,8,214.952405258539
46,8,2316.63362357203
47,8,1520.65965150127
48,8,1780.51942200607
49,8,257.560244390514
50,8,147.464628359545
51,8,1339.01361476428
52,8,221.377864436442
53,8,1840.4857324997
54,8,1426.57036897002
55,8,1887.74727523897
1,9,2273.2344264768
2,9,2539.65069314389
3,9,895.466543728431
4,9,319.144779060989
5,9,2589.29092370141
6,9,864.977072982402
7,9,972.104467249223
8,9,177.480069158405
9,9,0
10,9,990.020160761354
11,9,1972.20874345676
12,9,2228.45486949964
13,9,489.778930881787
14,9,2195.50571716263
15,9,417.412856606987
16,9,2290.80721919698
17,9,0
18,9,338.799297044233
19,9,990.020120138538
20,9,2281.33355391224
21,9,187.338099873406
22,9,2177.75992570597
23,9,640.778167401154
24,9,496.115865978452
25,9,2688.76144680265
26,9,640.778167401154
27,9,1652.26491243769
28,9,1080.52138712528
29,9,402.219169435831
30,9,1508.27433198274
31,9,2274.81785180337
32,9,339.198852887512
33,9,982.563070996975
34,9,86.6546806857442
35,9,1822.79399344866
36,9,1610.59260452509
37,9,2459.36369634464
38,9,2454.75007605152
39,9,360.095354347972
40,9,1971.31768948706
41,9,455.867828302409
42,9,687.31752852504
43,9,1825.84737684549
44,9,2228.41522295432
45,9,202.965224348259
46,9,2483.16767564597
47,9,1638.36449732161
48,9,1951.03424958733
49,9,328.186246857394
50,9,138.094402101217
51,9,1504.00641219699
52,9,366.239237343275
53,9,2010.83944869684
54,9,1543.71061538387
55,9,2046.82058588311
1,10,1377.19520334607
2,10,1583.30374674092
3,10,94.9770274142021
4,10,679.35363631811
5,10,2202.02297729622
6,10,790.687656809252
7,10,21.3656122001539
8,10,853.918130018893
9,10,990.020160761354
10,10,0
11,10,982.470856684222
12,10,1378.3896983481
13,10,508.322552767214
14,10,1322.12189206166
15,10,573.484265591336
16,10,1394.96378568609
17,10,990.020160761354
18,10,651.220870832491
19,10,0.0000459850660975032
20,10,1752.70834304106
21,10,1175.07021252425
22,10,1325.30807616208
23,10,359.409543136142
24,10,494.993267427918
25,10,1727.16946346051
26,10,359.409543136142
27,10,674.775416333488
28,10,120.195281323719
29,10,1076.77553702794
30,10,518.288198647205
31,10,1378.16472021067
32,10,653.724006387718
33,10,9.80373594551161
34,10,970.636899042464
35,10,964.715670816694
36,10,639.610442730453
37,10,1528.12203724958
38,10,1528.69852641356
39,10,1029.69018671597
40,10,1008.98674145441
41,10,841.002438106315
42,10,320.487675294454
43,10,1339.51281230883
44,10,1350.4065805554
45,10,1060.57320158471
46,10,1562.00009869211
47,10,682.086720348007
48,10,1544.35528442152
49,10,1030.6748314102
50,10,1000.7690241623
51,10,1266.02207592504
52,10,633.057776634987
53,10,1599.59290391887
54,10,591.30052402944
55,10,1092.71091498004
1,11,793.609339490321
2,11,750.280155456991
3,11,1076.78694245739
4,11,1658.7667844407
5,11,2239.09762753169
6,11,1574.03733982386
7,11,1000.89207422824
8,11,1834.49728625335
9,11,1972.20874345676
10,11,982.470856684222
11,11,0
12,11,917.581669789028
13,11,1486.54759040783
14,11,824.7577120814
15,11,1555.0721457664
16,11,805.435575659904
17,11,1972.20874345676
18,11,1633.46701164364
19,11,982.470898010093
20,11,1720.30805859078
21,11,2157.52963197188
22,11,881.116217943892
23,11,1335.21958112681
24,11,1476.387411038
25,11,859.060114721956
26,11,1335.21958112681
27,11,383.637062996724
28,11,895.88098628238
29,11,2027.472283632
30,11,465.429506254502
31,11,792.413697811751
32,11,1636.10370428344
33,11,990.176181345149
34,11,1952.42119404318
35,11,729.163376815408
36,11,437.936802579174
37,11,790.876355567318
38,11,807.873897898223
39,11,1985.59290717069
40,11,361.571762656229
41,11,1778.59909009353
42,11,1291.30500935732
43,11,1504.63159292999
44,11,828.46971378522
45,11,2037.01918417691
46,11,848.553273974373
47,11,427.504876381778
48,11,1725.1590087145
49,11,1991.64625691255
50,11,1980.47030354872
51,11,1715.93800964126
52,11,1614.57864432349
53,11,1757.23520258484
54,11,502.194017007458
55,11,428.883358794938
1,12,173.396987820933
2,12,571.615314915066
3,12,1457.37171826542
4,12,1973.94322878679
5,12,1390.77689836744
6,12,1501.09834246172
7,12,1384.91650618051
8,12,2055.75657067814
9,12,2228.45486949964
10,12,1378.3896983481
11,12,917.581669789028
12,12,0
13,12,1826.31406832722
14,12,93.3549999297528
15,12,1864.03118409378
16,12,176.592695688167
17,12,2228.45486949964
18,12,1922.93389158481
19,12,1378.38971565238
20,12,887.005226610226
21,12,2386.85110433095
22,12,53.0819412227423
23,12,1701.55045213016
24,12,1797.13968801033
25,12,698.29972497537
26,12,1701.55045213016
27,12,822.914986814749
28,12,1369.54514706458
29,12,2107.14566643347
30,12,1028.94745535576
31,12,176.137378545967
32,12,1907.82575001976
33,12,1380.08393550958
34,12,2174.82462246537
35,12,416.109921875035
36,12,820.817953436324
37,12,397.446309411036
38,12,372.587535180331
39,12,2085.06503736882
40,12,563.902657650122
41,12,1868.32688089214
42,12,1676.02104004582
43,12,870.075765781276
44,12,100.716458876959
45,12,2206.3394093574
46,12,371.091241494176
47,12,1231.28550302817
48,12,1036.79206744227
49,12,2105.07702356225
50,12,2177.60963640642
51,12,1260.96237455744
52,12,1874.0551731082
53,12,1043.71544193875
54,12,1255.53705075151
55,12,488.698331179622
1,13,1848.78692284221
2,13,2083.45296786472
3,13,413.418598035715
4,13,172.320798794981
5,13,2415.91663032453
6,13,729.265966711045
7,13,492.110921279504
8,13,382.429632198663
9,13,489.778930881787
10,13,508.322552767214
11,13,1486.54759040783
12,13,1826.31406832722
13,13,0
14,13,1781.66818363629
15,13,81.0048612974877
16,13,1866.5867049331
17,13,489.778930881787
18,13,159.950684310342
19,13,508.322515154475
20,13,2032.95628877892
21,13,677.006181184099
22,13,1773.90035124723
23,13,151.551161192438
24,13,41.3864400998448
25,13,2229.53886936667
26,13,151.551161192438
27,13,1180.85747062998
28,13,592.001505607748
29,13,679.44763298307
30,13,1025.02317758323
31,13,1850.07111228917
32,13,178.610908468303
33,13,501.747655669189
34,13,485.479098734516
35,13,1411.24861157996
36,13,1142.95260021934
37,13,2017.41479837775
38,13,2015.62344958127
39,13,625.398193028608
40,13,1510.06657628626
41,13,511.083200783845
42,13,197.541762128341
43,13,1583.46207036574
44,13,1812.61132421279
45,13,597.345158302264
46,13,2046.80987451067
47,13,1149.07773808844
48,13,1751.30348619605
49,13,613.931693430655
50,13,526.943217573909
51,13,1363.94882115633
52,13,179.775456219775
53,13,1811.01040476647
54,13,1054.47683576735
55,13,1590.547191735
1,14,110.234289814249
2,14,515.237041158283
3,14,1403.87361130236
4,14,1933.13504154071
5,14,1477.25983201042
6,14,1492.80362979416
7,14,1329.77260192272
8,14,2024.68068017066
9,14,2195.50571716263
10,14,1322.12189206166
11,14,824.7577120814
12,14,93.3549999297528
13,14,1781.66818363629
14,14,0
15,14,1822.64649142705
16,14,121.620018520747
17,14,2195.50571716263
18,14,1884.00937326727
19,14,1322.12191170693
20,14,969.518949969321
21,14,2357.7075691437
22,14,72.9542554364552
23,14,1652.99311316611
24,14,1753.89409591055
25,14,651.923553812254
26,14,1652.99311316611
27,14,744.049107517568
28,14,1306.83208070813
29,14,2090.62595479987
30,14,951.801285752664
31,14,113.029487201923
32,14,1870.41103844191
33,14,1324.35119736556
34,14,2144.71063476819
35,14,372.928502684618
36,14,745.619356185604
37,14,349.878626295092
38,14,328.973381237342
39,14,2066.33069066226
40,14,472.904043597268
41,14,1848.2851731847
42,14,1625.50424783859
43,14,921.058136458748
44,14,35.2590872152819
45,14,2181.70322472247
46,14,337.262524741655
47,14,1144.97901585551
48,14,1098.88833586754
49,14,2085.12294108814
50,14,2149.98778220283
51,14,1294.11686980504
52,14,1837.42524066035
53,14,1109.6047405299
54,14,1172.19787481792
55,14,395.935222314778
1,15,1893.04235765487
2,15,2138.40666758256
3,15,478.672326752216
4,15,110.975483570085
5,15,2404.74425606271
6,15,697.158202791044
7,15,556.060189742327
8,15,301.929192808797
9,15,417.412856606987
10,15,573.484265591336
11,15,1555.0721457664
12,15,1864.03118409378
13,15,81.0048612974877
14,15,1822.64649142705
15,15,0
16,15,1910.80077008682
17,15,417.412856606987
18,15,80.7619613908305
19,15,573.484225769931
20,15,2035.09172802802
21,15,603.80376447665
22,15,1811.99412933795
23,15,225.331033610242
24,15,78.7111032894018
25,15,2285.69758053511
26,15,225.331033610242
27,15,1241.1831923164
28,15,663.363315852433
29,15,600.242017232703
30,15,1091.707246386
31,15,1894.41952391179
32,15,97.6880258288462
33,15,566.278199123462
34,15,407.474114871719
35,15,1450.67877696207
36,15,1201.51038421931
37,15,2067.404560711
38,15,2064.69148318671
39,15,545.98712358498
40,15,1566.41726523026
41,15,442.536920549798
42,15,273.164269136732
43,15,1582.51555172276
44,15,1854.22309534767
45,15,516.88085850189
46,15,2095.02434738057
47,15,1224.83570012965
48,15,1742.72341121446
49,15,533.769398098768
50,15,447.230186155534
51,15,1341.947391133
52,15,102.990528615992
53,15,1802.71974410587
54,15,1130.36302537344
55,15,1645.07455006957
1,16,17.817906865471
2,16,397.900424749377
3,16,1479.86770750355
4,16,2021.64022842074
5,16,1560.01879560464
6,16,1605.35752924466
7,16,1404.02325717452
8,16,2121.78115662046
9,16,2290.80721919698
10,16,1394.96378568609
11,16,805.435575659904
12,16,176.592695688167
13,16,1866.5867049331
14,16,121.620018520747
15,16,1910.80077008682
16,16,0
17,16,2290.80721919698
18,16,1974.42266469244
19,16,1394.96380828252
20,16,1060.81232966459
21,16,2455.96132871091
22,16,185.812283415778
23,16,1733.97838277734
24,16,1840.32764105081
25,16,531.272593673781
26,16,1733.97838277734
27,16,783.261389830787
28,16,1370.76780120836
29,16,2198.0061671613
30,16,992.272791227367
31,16,16.8556577217347
32,16,1962.25836165401
33,16,1397.87427804235
34,16,2242.43146986345
35,16,471.365183671348
36,16,792.870234709859
37,16,228.830716707725
38,16,207.389665617679
39,16,2172.35369606913
40,16,476.504107540898
41,16,1953.72323939814
42,16,1704.31734856302
43,16,1038.61467914964
44,16,88.7973955693281
45,16,2283.57725942982
46,16,216.595857795622
47,16,1158.72249521182
48,16,1211.18553243492
49,16,2190.33610755985
50,16,2249.6666691606
51,16,1415.58890211609
52,16,1930.05045768521
53,16,1219.343252926
54,16,1195.17241677105
55,16,387.997025617266
1,17,2273.2344264768
2,17,2539.65069314389
3,17,895.466543728431
4,17,319.144779060989
5,17,2589.29092370141
6,17,864.977072982402
7,17,972.104467249223
8,17,177.480069158405
9,17,0
10,17,990.020160761354
11,17,1972.20874345676
12,17,2228.45486949964
13,17,489.778930881787
14,17,2195.50571716263
15,17,417.412856606987
16,17,2290.80721919698
17,17,0
18,17,338.799297044233
19,17,990.020120138538
20,17,2281.33355391224
21,17,187.338099873406
22,17,2177.75992570597
23,17,640.778167401154
24,17,496.115865978452
25,17,2688.76144680265
26,17,640.778167401154
27,17,1652.26491243769
28,17,1080.52138712528
29,17,402.219169435831
30,17,1508.27433198274
31,17,2274.81785180337
32,17,339.198852887512
33,17,982.563070996975
34,17,86.6546806857442
35,17,1822.79399344866
36,17,1610.59260452509
37,17,2459.36369634464
38,17,2454.75007605152
39,17,360.095354347972
40,17,1971.31768948706
41,17,455.867828302409
42,17,687.31752852504
43,17,1825.84737684549
44,17,2228.41522295432
45,17,202.965224348259
46,17,2483.16767564597
47,17,1638.36449732161
48,17,1951.03424958733
49,17,328.186246857394
50,17,138.094402101217
51,17,1504.00641219699
52,17,366.239237343275
53,17,2010.83944869684
54,17,1543.71061538387
55,17,2046.82058588311
1,18,1956.70829521488
2,18,2209.16233146204
3,18,556.691174909012
4,18,65.6021891273528
5,18,2420.24472719102
6,18,697.373886539463
7,18,633.343009809493
8,18,222.830352423421
9,18,338.799297044233
10,18,651.220870832491
11,18,1633.46701164364
12,18,1922.93389158481
13,18,159.950684310342
14,18,1884.00937326727
15,18,80.7619613908305
16,18,1974.42266469244
17,18,338.799297044233
18,18,0
19,18,651.220830211544
20,18,2063.79852498932
21,18,524.389187901461
22,18,1871.23369264113
23,18,306.035505598699
24,18,158.478359282089
25,18,2357.15714600867
26,18,306.035505598699
27,18,1315.67282699361
28,18,743.166049311137
29,18,531.884939705157
30,18,1169.48059745066
31,18,1958.1505519103
32,18,36.0892484728239
33,18,643.775159745449
34,18,326.712248888383
35,18,1511.37177729939
36,18,1275.0535351406
37,18,2134.93510012719
38,18,2131.59706025262
39,18,477.255492105429
40,18,1638.35639663719
41,18,398.022476245966
42,18,353.923607167571
43,18,1609.20686934993
44,18,1916.01821668846
45,18,437.589292133559
46,18,2161.3257315482
47,18,1305.50222587446
48,18,1761.78261550057
49,18,462.577465657323
50,18,367.017865597102
51,18,1348.63589809309
52,18,68.9793698194263
53,18,1821.93882370893
54,18,1211.0492761384
55,18,1715.83384276005
1,19,1377.1952259039
2,19,1583.30377816052
3,19,94.9769888891118
4,19,679.353597780994
5,19,2202.02296473168
6,19,790.6876165952
7,19,21.3655663719201
8,19,853.918087036094
9,19,990.020120138538
10,19,0.0000459850660975032
11,19,982.470898010093
12,19,1378.38971565238
13,19,508.322515154475
14,19,1322.12191170693
15,19,573.484225769931
16,19,1394.96380828252
17,19,990.020120138538
18,19,651.220830211544
19,19,0
20,19,1752.70833651004
21,19,1175.0701713305
22,19,1325.30809347221
23,19,359.409507348098
24,19,494.993227863137
25,19,1727.16949593848
26,19,359.409507348098
27,19,674.775450380107
28,19,120.195325651824
29,19,1076.77549128839
30,19,518.288238961825
31,19,1378.16474284726
32,19,653.723964637899
33,19,9.8036910247065
34,19,970.636856709306
35,19,964.715686437838
36,19,639.610474757296
37,19,1528.12206479821
38,19,1528.69855325342
39,19,1029.69014111845
40,19,1008.986772837
41,19,841.002392123335
42,19,320.487642114171
43,19,1339.51280004592
44,19,1350.40660085806
45,19,1060.57315766651
46,19,1562.00012495872
47,19,682.086766188634
48,19,1544.35526923094
49,19,1030.67478603175
50,19,1000.76898094563
51,19,1266.02204954419
52,19,633.057733998335
53,19,1599.59288939762
54,19,591.30056998323
55,19,1092.71094503412
1,20,1059.75644025112
2,20,1437.89485136627
3,20,1794.75623131093
4,20,2127.57463113294
5,20,518.814851067831
6,20,1418.52523509738
7,20,1748.05997208775
8,20,2106.94218119138
9,20,2281.33355391224
10,20,1752.70834304106
11,20,1720.30805859078
12,20,887.005226610226
13,20,2032.95628877892
14,20,969.518949969321
15,20,2035.09172802802
16,20,1060.81232966459
17,20,2281.33355391224
18,20,2063.79852498932
19,20,1752.70833651004
20,20,0
21,20,2389.37074191373
22,20,897.325351457538
23,20,1960.25595292135
24,20,1993.74399542516
25,20,1540.0254132461
26,20,1960.25595292135
27,20,1481.31713143757
28,20,1804.09452801305
29,20,2013.5576276483
30,20,1641.86990556054
31,20,1062.42236313624
32,20,2035.86512190752
33,20,1749.29595848954
34,20,2205.03890262391
35,20,1006.113846883
36,20,1450.44490514745
37,20,1260.16963361848
38,20,1231.98044488283
39,20,2014.92274129279
40,20,1363.17302539987
41,20,1835.96978623248
42,20,1956.47633383607
43,20,456.156198524789
44,20,986.662387522206
45,20,2180.71478366626
46,20,1216.04624690799
47,20,1917.43241164409
48,20,378.029840024688
49,20,2044.48964918324
50,20,2183.47138661323
51,20,840.742433898898
52,20,1998.4488281487
53,20,332.848224281886
54,20,1905.61621334285
55,20,1317.0775728656
1,21,2438.51399204071
2,21,2714.6127903513
3,21,1080.79934283543
4,21,506.45819127243
5,21,2668.65283967033
6,21,972.644052661544
7,21,1156.83170991389
8,21,335.461660804973
9,21,187.338099873406
10,21,1175.07021252425
11,21,2157.52963197188
12,21,2386.85110433095
13,21,677.006181184099
14,21,2357.7075691437
15,21,603.80376447665
16,21,2455.96132871091
17,21,187.338099873406
18,21,524.389187901461
19,21,1175.0701713305
20,21,2389.37074191373
21,21,0
22,21,2336.90721862119
23,21,827.823485391358
24,21,682.416487611527
25,21,2864.54809043967
26,21,827.823485391358
27,21,1833.37455930092
28,21,1267.15924419296
29,21,409.593080819566
30,21,1693.05004196883
31,21,2440.18730186572
32,21,521.919877846281
33,21,1167.43913127081
34,21,213.937975165039
35,21,1985.95849841976
36,21,1790.69902113008
37,21,2629.78700723832
38,21,2624.26613314485
39,21,388.513308935492
40,21,2148.8094742295
41,21,554.733309950288
42,21,874.523395926434
43,21,1936.94990095183
44,21,2391.11500177788
45,21,210.866643487482
46,21,2651.7226586499
47,21,1825.70195166954
48,21,2046.34118521659
49,21,355.717251826749
50,21,211.948319106172
51,21,1587.40497210206
52,21,545.995973077009
53,21,2105.39441797632
54,21,1731.04856928812
55,21,2222.6310812933
1,22,177.635787574786
2,22,583.378627644657
3,22,1404.33588123028
4,22,1921.99224560902
5,22,1406.3005834263
6,22,1456.32835744051
7,22,1331.84374260871
8,22,2005.38708715423
9,22,2177.75992570597
10,22,1325.30807616208
11,22,881.116217943892
12,22,53.0819412227423
13,22,1773.90035124723
14,22,72.9542554364552
15,22,1811.99412933795
16,22,185.812283415778
17,22,2177.75992570597
18,22,1871.23369264113
19,22,1325.30809347221
20,22,897.325351457538
21,22,2336.90721862119
22,22,0
23,22,1648.78247815916
24,22,1744.8734975621
25,22,716.51251925012
26,22,1648.78247815916
27,22,773.459242185372
28,22,1316.66033785964
29,22,2060.15941500472
30,22,978.723564837897
31,22,180.493427752334
32,22,1856.34571734497
33,22,1327.0050106299
34,22,2124.65906754069
35,22,363.297068202171
36,22,770.160933362641
37,22,414.010217716718
38,22,391.235828379876
39,22,2037.4876140266
40,22,523.966687521104
41,22,1820.36962378087
42,22,1623.12480206618
43,22,852.820786708673
44,22,97.9846177878697
45,22,2157.34439099921
46,22,394.915881424344
47,22,1185.42905454434
48,22,1027.62056810555
49,22,2057.1911031275
50,22,2127.95393360279
51,22,1233.37132253079
52,22,1822.69147479079
53,22,1037.57803674497
54,22,1207.78951171984
55,22,452.995863571174
1,23,1716.16059051743
2,23,1939.84551493354
3,23,265.093458933376
4,23,323.862590600577
5,23,2365.00154938793
6,23,734.901383788263
7,23,344.260994859135
8,23,524.189173907957
9,23,640.778167401154
10,23,359.409543136142
11,23,1335.21958112681
12,23,1701.55045213016
13,23,151.551161192438
14,23,1652.99311316611
15,23,225.331033610242
16,23,1733.97838277734
17,23,640.778167401154
18,23,306.035505598699
19,23,359.409507348098
20,23,1960.25595292135
21,23,827.823485391358
22,23,1648.78247815916
23,23,0
24,23,148.551270307404
25,23,2084.84695171343
26,23,0
27,23,1033.78652083556
28,23,440.450413944285
29,23,799.337977609222
30,23,874.368395073802
31,23,1717.33737359004
32,23,317.463247935489
33,23,353.355767373408
34,23,632.655832730688
35,23,1285.48708739913
36,23,997.321076809134
37,23,1878.45752284523
38,23,1877.59464975022
39,23,746.818331047593
40,23,1365.76460620419
41,23,601.747692086269
42,23,48.6057630101135
43,23,1518.14586180369
44,23,1683.11827959797
45,23,738.428113711948
46,23,1909.62321064058
47,23,999.509963257873
48,23,1698.38755636503
49,23,739.524543076448
50,23,670.882190622459
51,23,1338.67618160577
52,23,307.404837670684
53,23,1757.26624962869
54,23,905.032088922323
55,23,1447.74976055882
1,24,1822.54474658621
2,24,2063.05972358007
3,24,400.123952252162
4,24,185.984062678772
5,24,2375.07486614439
6,24,688.331175337756
7,24,477.731709231771
8,24,375.733346765945
9,24,496.115865978452
10,24,494.993267427918
11,24,1476.387411038
12,24,1797.13968801033
13,24,41.3864400998448
14,24,1753.89409591055
15,24,78.7111032894018
16,24,1840.32764105081
17,24,496.115865978452
18,24,158.478359282089
19,24,494.993227863137
20,24,1993.74399542516
21,24,682.416487611527
22,24,1744.8734975621
23,24,148.551270307404
24,24,0
25,24,2209.91168206085
26,24,148.551270307404
27,24,1163.91070526481
28,24,584.813795595549
29,24,660.094942131408
30,24,1013.14402659973
31,24,1823.8738767811
32,24,169.011891954967
33,24,487.867942452715
34,24,484.520802011865
35,24,1382.70300516411
36,24,1124.75379929368
37,24,1994.13581744701
38,24,1991.84600273424
39,24,606.611390162532
40,24,1490.47824518935
41,24,481.24604101734
42,24,196.966640004817
43,24,1543.71182054752
44,24,1785.12841967196
45,24,590.194910372925
46,24,2022.58440122689
47,24,1147.38340431169
48,24,1710.65317046941
49,24,597.09656437623
50,24,522.333223408646
51,24,1322.56542868135
52,24,161.730064048605
53,24,1770.3941748904
54,24,1052.99739389755
55,24,1569.82947776799
1,25,541.69057021126
2,25,153.088192075945
3,25,1820.18419908968
4,25,2395.73994100119
5,25,2007.32139022484
6,25,2084.02090774033
7,25,1741.03439218372
8,25,2529.5639948226
9,25,2688.76144680265
10,25,1727.16946346051
11,25,859.060114721956
12,25,698.29972497537
13,25,2229.53886936667
14,25,651.923553812254
15,25,2285.69758053511
16,25,531.272593673781
17,25,2688.76144680265
18,25,2357.15714600867
19,25,1727.16949593848
20,25,1540.0254132461
21,25,2864.54809043967
22,25,716.51251925012
23,25,2084.84695171343
24,25,2209.91168206085
25,25,0
26,25,2084.84695171343
27,25,1053.73255712455
28,25,1671.17022356122
29,25,2648.7336167972
30,25,1238.1247007257
31,25,538.900590314555
32,25,2351.0289448495
33,25,1732.46799620542
34,25,2651.2180164761
35,25,944.086497776384
36,25,1087.65435573217
37,25,302.521562671073
38,25,325.900948506757
39,25,2617.3922404298
40,25,719.492298254567
41,25,2398.55573919519
42,25,2047.59253757424
43,25,1567.9811734376
44,25,620.060310063361
45,25,2709.5826886421
46,25,330.230210156755
47,25,1285.52884328548
48,25,1732.25946455698
49,25,2631.6912794092
50,25,2666.66377609988
51,25,1945.1895809505
52,25,2322.56252216923
53,25,1735.65297531015
54,25,1354.1914166634
55,25,641.989185606009
1,26,1716.16059051743
2,26,1939.84551493354
3,26,265.093458933376
4,26,323.862590600577
5,26,2365.00154938793
6,26,734.901383788263
7,26,344.260994859135
8,26,524.189173907957
9,26,640.778167401154
10,26,359.409543136142
11,26,1335.21958112681
12,26,1701.55045213016
13,26,151.551161192438
14,26,1652.99311316611
15,26,225.331033610242
16,26,1733.97838277734
17,26,640.778167401154
18,26,306.035505598699
19,26,359.409507348098
20,26,1960.25595292135
21,26,827.823485391358
22,26,1648.78247815916
23,26,0
24,26,148.551270307404
25,26,2084.84695171343
26,26,0
27,26,1033.78652083556
28,26,440.450413944285
29,26,799.337977609222
30,26,874.368395073802
31,26,1717.33737359004
32,26,317.463247935489
33,26,353.355767373408
34,26,632.655832730688
35,26,1285.48708739913
36,26,997.321076809134
37,26,1878.45752284523
38,26,1877.59464975022
39,26,746.818331047593
40,26,1365.76460620419
41,26,601.747692086269
42,26,48.6057630101135
43,26,1518.14586180369
44,26,1683.11827959797
45,26,738.428113711948
46,26,1909.62321064058
47,26,999.509963257873
48,26,1698.38755636503
49,26,739.524543076448
50,26,670.882190622459
51,26,1338.67618160577
52,26,307.404837670684
53,26,1757.26624962869
54,26,905.032088922323
55,26,1447.74976055882
1,27,766.538834292591
2,27,912.382558870146
3,27,768.69366636002
4,27,1349.78023880319
5,27,1992.2963262327
6,27,1192.23009657033
7,27,689.53136031325
8,27,1502.31762114897
9,27,1652.26491243769
10,27,674.775416333488
11,27,383.637062996724
12,27,822.914986814749
13,27,1180.85747062998
14,27,744.049107517568
15,27,1241.1831923164
16,27,783.261389830787
17,27,1652.26491243769
18,27,1315.67282699361
19,27,674.775450380107
20,27,1481.31713143757
21,27,1833.37455930092
22,27,773.459242185372
23,27,1033.78652083556
24,27,1163.91070526481
25,27,1053.73255712455
26,27,1033.78652083556
27,27,0
28,27,618.84216904079
29,27,1668.59094406256
30,27,209.0616829307
31,27,766.725798068073
32,27,1313.07027976176
33,27,680.503137707029
34,27,1622.89116575273
35,27,484.451181819955
36,27,54.3422828857578
37,27,874.930447990785
38,27,879.945035638009
39,27,1629.56488486173
40,27,341.036836636913
41,27,1417.38475760144
42,27,995.180120600792
43,27,1195.8488926835
44,27,763.621511527335
45,27,1696.07160064398
46,27,916.604909271751
47,27,437.630746621437
48,27,1421.34248581343
49,27,1638.30668195781
50,27,1645.08778733774
51,27,1355.44975606972
52,27,1287.44485689306
53,27,1460.7862855338
54,27,440.702207206463
55,27,430.640631927663
1,28,1353.17981827512
2,28,1531.11392554202
3,28,196.44108306424
4,28,764.305057667321
5,28,2266.67353302389
6,28,907.956419517529
7,28,141.245454593918
8,28,953.490150276279
9,28,1080.52138712528
10,28,120.195281323719
11,28,895.88098628238
12,28,1369.54514706458
13,28,592.001505607748
14,28,1306.83208070813
15,28,663.363315852433
16,28,1370.76780120836
17,28,1080.52138712528
18,28,743.166049311137
19,28,120.195325651824
20,28,1804.09452801305
21,28,1267.15924419296
22,28,1316.66033785964
23,28,440.450413944285
24,28,584.813795595549
25,28,1671.17022356122
26,28,440.450413944285
27,28,618.84216904079
28,28,0
29,28,1189.51909762749
30,28,440.120258841604
31,28,1353.91230558851
32,28,749.527416239989
33,28,129.985949671412
34,28,1067.40820904477
35,28,962.858442250462
36,28,591.299854459424
37,28,1488.44500594298
38,28,1491.22148139526
39,28,1141.38366251805
40,28,959.168184155907
41,28,957.125311656653
42,28,395.659821349173
43,28,1404.96204647629
44,28,1333.10188850516
45,28,1163.54525722976
46,28,1526.19494602657
47,28,570.591476838211
48,28,1615.77289473353
49,28,1140.93436166587
50,28,1100.91827230076
51,28,1360.80780655697
52,28,732.148943908082
53,28,1669.44401200552
54,28,478.064585449061
55,28,1046.7792616449
1,29,2181.2384189808
2,29,2496.01649872148
3,29,993.217699821031
4,29,564.055044361084
5,29,2268.31033896751
6,29,621.911704094529
7,29,1055.7857440003
8,29,333.166091207474
9,29,402.219169435831
10,29,1076.77553702794
11,29,2027.472283632
12,29,2107.14566643347
13,29,679.44763298307
14,29,2090.62595479987
15,29,600.242017232703
16,29,2198.0061671613
17,29,402.219169435831
18,29,531.884939705157
19,29,1076.77549128839
20,29,2013.5576276483
21,29,409.593080819566
22,29,2060.15941500472
23,29,799.337977609222
24,29,660.094942131408
25,29,2648.7336167972
26,29,799.337977609222
27,29,1668.59094406256
28,29,1189.51909762749
29,29,0
30,29,1567.28843149795
31,29,2183.22144532816
32,29,504.115853806805
33,29,1067.47061365126
34,29,320.197401262549
35,29,1728.15704037151
36,29,1619.61290246642
37,29,2390.67968931256
38,29,2381.3626316902
39,29,54.6880756752321
40,29,1952.47885012941
41,29,251.994542577872
42,29,846.837098918187
43,29,1568.06676172074
44,29,2125.29329221422
45,29,210.44092059967
46,29,2404.55726396469
47,29,1758.74023631512
48,29,1659.54599000833
49,29,77.3422292405449
50,29,264.147063513946
51,29,1193.86019812758
52,29,499.909351107653
53,29,1717.60166280105
54,29,1667.22780688647
55,29,2015.34943973446
1,30,975.577548338892
2,30,1102.43120408283
3,30,613.034952391828
4,30,1196.8068364032
5,30,2144.24876079472
6,30,1153.23623417431
7,30,536.236498659045
8,30,1369.10260892998
9,30,1508.27433198274
10,30,518.288198647205
11,30,465.429506254502
12,30,1028.94745535576
13,30,1025.02317758323
14,30,951.801285752664
15,30,1091.707246386
16,30,992.272791227367
17,30,1508.27433198274
18,30,1169.48059745066
19,30,518.288238961825
20,30,1641.86990556054
21,30,1693.05004196883
22,30,978.723564837897
23,30,874.368395073802
24,30,1013.14402659973
25,30,1238.1247007257
26,30,874.368395073802
27,30,209.0616829307
28,30,440.120258841604
29,30,1567.28843149795
30,30,0
31,30,975.753117430144
32,30,1171.31598050048
33,30,525.714775276388
34,30,1487.20744006851
35,30,669.43225515166
36,30,209.658078735942
37,30,1077.42205078456
38,30,1083.87059865849
39,30,1524.12125584813
40,30,541.245866626885
41,30,1320.52402336917
42,30,831.934226625298
43,30,1319.09650365192
44,30,972.052293745543
45,30,1571.81170841586
46,30,1121.28229686183
47,30,298.081793081257
48,30,1544.43059776261
49,30,1529.09539942136
50,30,1515.04088389228
51,30,1418.05078596515
52,30,1149.36093007777
53,30,1588.72502203385
54,30,265.045272008011
55,30,633.183040289379
1,31,2.85786471162527
2,31,403.072054203698
3,31,1463.11763207297
4,31,2005.27013065959
5,31,1563.42771537302
6,31,1591.48368901588
7,31,1387.24518689519
8,31,2105.93147255105
9,31,2274.81785180337
10,31,1378.16472021067
11,31,792.413697811751
12,31,176.137378545967
13,31,1850.07111228917
14,31,113.029487201923
15,31,1894.41952391179
16,31,16.8556577217347
17,31,2274.81785180337
18,31,1958.1505519103
19,31,1378.16474284726
20,31,1062.42236313624
21,31,2440.18730186572
22,31,180.493427752334
23,31,1717.33737359004
24,31,1823.8738767811
25,31,538.900590314555
26,31,1717.33737359004
27,31,766.725798068073
28,31,1353.91230558851
29,31,2183.22144532816
30,31,975.753117430144
31,31,0
32,31,1946.06623060756
33,31,1381.08498136801
34,31,2226.62409593429
35,31,456.08160501064
36,31,776.149011316638
37,31,237.020687213227
38,31,216.87866339507
39,31,2157.38986740981
40,31,461.294896816346
41,31,1938.70038039645
42,31,1687.61960502883
43,31,1032.92919490743
44,31,82.5188081390346
45,31,2268.13843550755
46,31,228.442004919101
47,31,1143.42639471611
48,31,1207.6020129833
49,31,2175.27044456702
50,31,2234.02307990717
51,31,1406.87512055777
52,31,1913.90598535588
53,31,1216.57737611349
54,31,1179.38709871193
55,31,373.332683761875
1,32,1944.58053625588
2,32,2202.42943593919
3,32,559.91212760613
4,32,99.4468613518066
5,32,2388.77268294653
6,32,663.713456251938
7,32,635.218306777486
8,32,206.731120459767
9,32,339.198852887512
10,32,653.724006387718
11,32,1636.10370428344
12,32,1907.82575001976
13,32,178.610908468303
14,32,1870.41103844191
15,32,97.6880258288462
16,32,1962.25836165401
17,32,339.198852887512
18,32,36.0892484728239
19,32,653.723964637899
20,32,2035.86512190752
21,32,521.919877846281
22,32,1856.34571734497
23,32,317.463247935489
24,32,169.011891954967
25,32,2351.0289448495
26,32,317.463247935489
27,32,1313.07027976176
28,32,749.527416239989
29,32,504.115853806805
30,32,1171.31598050048
31,32,1946.06623060756
32,32,0
33,32,645.935241543406
34,32,317.888850323779
35,32,1497.55273330543
36,32,1271.45672447887
37,32,2125.53784521327
38,32,2121.72170946032
39,32,449.667384833249
40,32,1632.93215895579
41,32,362.740935792137
42,32,365.94977804957
43,32,1580.83216514257
44,32,1902.68010384184
45,32,421.245190109439
46,32,2150.98852295562
47,32,1314.96101607357
48,32,1731.29335627883
49,32,436.608887741223
50,32,353.562479447453
51,32,1315.63768891466
52,32,37.4205195231456
53,32,1791.47062996014
54,32,1220.72678732744
55,32,1709.28353561544
1,33,1380.09709531755
2,33,1588.33790532029
3,33,88.3753072444351
4,33,672.508160107343
5,33,2197.40540574273
6,33,781.300637203563
7,33,11.7206589165094
8,33,845.728723614468
9,33,982.563070996975
10,33,9.80373594551161
11,33,990.176181345149
12,33,1380.08393550958
13,33,501.747655669189
14,33,1324.35119736556
15,33,566.278199123462
16,33,1397.87427804235
17,33,982.563070996975
18,33,643.775159745449
19,33,9.8036910247065
20,33,1749.29595848954
21,33,1167.43913127081
22,33,1327.0050106299
23,33,353.355767373408
24,33,487.867942452715
25,33,1732.46799620542
26,33,353.355767373408
27,33,680.503137707029
28,33,129.985949671412
29,33,1067.47061365126
30,33,525.714775276388
31,33,1381.08498136801
32,33,645.935241543406
33,33,0
34,33,962.656133207169
35,33,966.045173195322
36,33,644.829230743783
37,33,1532.20576885085
38,33,1532.61137510601
39,33,1020.47108301905
40,33,1014.02448687843
41,33,831.448867566121
42,33,315.134588968285
43,33,1334.9656424448
44,33,1352.78626436477
45,33,1052.05945596013
46,33,1565.77483177055
47,33,691.473255029438
48,33,1539.23462151398
49,33,1021.57016526513
50,33,992.499067784085
51,33,1258.82770388552
52,33,624.988211991533
53,33,1594.60081654434
54,33,600.79850146574
55,33,1097.41633992613
1,34,2224.96379281409
2,34,2501.10852759204
3,34,877.290523101363
4,34,324.172082478062
5,34,2506.87313313293
6,34,786.996260152831
7,34,951.775163412558
8,34,121.671333694653
9,34,86.6546806857442
10,34,970.636899042464
11,34,1952.42119404318
12,34,2174.82462246537
13,34,485.479098734516
14,34,2144.71063476819
15,34,407.474114871719
16,34,2242.43146986345
17,34,86.6546806857442
18,34,326.712248888383
19,34,970.636856709306
20,34,2205.03890262391
21,34,213.937975165039
22,34,2124.65906754069
23,34,632.655832730688
24,34,484.520802011865
25,34,2651.2180164761
26,34,632.655832730688
27,34,1622.89116575273
28,34,1067.40820904477
29,34,320.197401262549
30,34,1487.20744006851
31,34,2226.62409593429
32,34,317.888850323779
33,34,962.656133207169
34,34,0
35,34,1772.70467123696
36,34,1579.50163011807
37,34,2415.84914625394
38,34,2410.3400627421
39,34,275.706512584065
40,34,1936.12716752326
41,34,373.709333782983
42,34,680.629274340211
43,34,1750.1773221618
44,34,2178.01766238589
45,34,135.432318894405
46,34,2437.83994269305
47,34,1631.90188669344
48,34,1871.39235905719
49,34,244.615262560933
50,34,59.6628646662258
51,34,1421.71495566704
52,34,337.848483713106
53,34,1931.06593439611
54,34,1537.51654310467
55,34,2009.38509546368
1,35,454.229019713877
2,35,792.182777864467
3,35,1042.08076057262
4,35,1560.99495462955
5,35,1522.29522797383
6,35,1143.88205928015
7,35,970.508117047411
8,35,1652.42485348752
9,35,1822.79399344866
10,35,964.715670816694
11,35,729.163376815408
12,35,416.109921875035
13,35,1411.24861157996
14,35,372.928502684618
15,35,1450.67877696207
16,35,471.365183671348
17,35,1822.79399344866
18,35,1511.37177729939
19,35,964.715686437838
20,35,1006.113846883
21,35,1985.95849841976
22,35,363.297068202171
23,35,1285.48708739913
24,35,1382.70300516411
25,35,944.086497776384
26,35,1285.48708739913
27,35,484.451181819955
28,35,962.858442250462
29,35,1728.15704037151
30,35,669.43225515166
31,35,456.08160501064
32,35,1497.55273330543
33,35,966.045173195322
34,35,1772.70467123696
35,35,0
36,35,463.001437633061
37,35,666.277979633962
38,35,654.898746879096
39,35,1701.7012604167
40,35,397.334476274735
41,35,1482.87695925138
42,35,1259.94905822793
43,35,782.140712178439
44,35,405.623107476243
45,35,1812.28943934051
46,35,676.656695476095
47,35,921.567725499866
48,35,998.813477701465
49,35,1719.34908250212
50,35,1778.96901562135
51,35,1058.08988804512
52,35,1464.51068864754
53,35,1028.94223190201
54,35,922.579955737281
55,35,393.219564672327
1,36,775.764190782659
2,36,943.870346930994
3,36,732.540672636929
4,36,1310.73613343763
5,36,1958.91010282965
6,36,1138.56443212064
7,36,653.382720401704
8,36,1458.60783656219
9,36,1610.59260452509
10,36,639.610442730453
11,36,437.936802579174
12,36,820.817953436324
13,36,1142.95260021934
14,36,745.619356185604
15,36,1201.51038421931
16,36,792.870234709859
17,36,1610.59260452509
18,36,1275.0535351406
19,36,639.610474757296
20,36,1450.44490514745
21,36,1790.69902113008
22,36,770.160933362641
23,36,997.321076809134
24,36,1124.75379929368
25,36,1087.65435573217
26,36,997.321076809134
27,36,54.3422828857578
28,36,591.299854459424
29,36,1619.61290246642
30,36,209.658078735942
31,36,776.149011316638
32,36,1271.45672447887
33,36,644.829230743783
34,36,1579.50163011807
35,36,463.001437633061
36,36,0
37,36,897.409372896322
38,36,900.812362750912
39,36,1581.16649669568
40,36,369.70127854841
41,36,1368.12801024477
42,36,959.962783247669
43,36,1154.15154056978
44,36,767.252829513523
45,36,1650.47499080735
46,36,936.43419754569
47,36,467.219843241931
48,36,1379.91211534025
49,36,1590.41959788966
50,36,1600.58409580802
51,36,1304.56495696905
52,36,1245.1001809135
53,36,1420.49953173719
54,36,460.122675296148
55,36,455.687537652955
1,37,239.773108330123
2,37,177.894129132588
3,37,1617.63635995569
4,37,2178.31740669853
5,37,1744.55617190431
6,37,1809.98789822628
7,37,1539.57078557456
8,37,2294.41260214734
9,37,2459.36369634464
10,37,1528.12203724958
11,37,790.876355567318
12,37,397.446309411036
13,37,2017.41479837775
14,37,349.878626295092
15,37,2067.404560711
16,37,228.830716707725
17,37,2459.36369634464
18,37,2134.93510012719
19,37,1528.12206479821
20,37,1260.16963361848
21,37,2629.78700723832
22,37,414.010217716718
23,37,1878.45752284523
24,37,1994.13581744701
25,37,302.521562671073
26,37,1878.45752284523
27,37,874.930447990785
28,37,1488.44500594298
29,37,2390.67968931256
30,37,1077.42205078456
31,37,237.020687213227
32,37,2125.53784521327
33,37,1532.20576885085
34,37,2415.84914625394
35,37,666.277979633962
36,37,897.409372896322
37,37,0
38,37,28.9401937609744
39,37,2362.35149374178
40,37,536.184530364915
41,37,2143.1606652749
42,37,1845.05103532559
43,37,1266.00553718621
44,37,317.627606771914
45,37,2465.02178584534
46,37,62.565552488025
47,37,1190.90497424061
48,37,1433.78820513607
49,37,2378.66679291023
50,37,2426.8860474631
51,37,1643.89578658049
52,37,2094.95678182757
53,37,1439.2977550768
54,37,1243.17481022945
55,37,444.560986274611
1,38,219.54981216025
2,38,205.915509423032
3,38,1617.60716133051
4,38,2175.64530383705
5,38,1715.76050998903
6,38,1797.78734056757
7,38,1539.80162104049
8,38,2289.00621302244
9,38,2454.75007605152
10,38,1528.69852641356
11,38,807.873897898223
12,38,372.587535180331
13,38,2015.62344958127
14,38,328.973381237342
15,38,2064.69148318671
16,38,207.389665617679
17,38,2454.75007605152
18,38,2131.59706025262
19,38,1528.69855325342
20,38,1231.98044488283
21,38,2624.26613314485
22,38,391.235828379876
23,38,1877.59464975022
24,38,1991.84600273424
25,38,325.900948506757
26,38,1877.59464975022
27,38,879.945035638009
28,38,1491.22148139526
29,38,2381.3626316902
30,38,1083.87059865849
31,38,216.87866339507
32,38,2121.72170946032
33,38,1532.61137510601
34,38,2410.3400627421
35,38,654.898746879096
36,38,900.812362750912
37,38,28.9401937609744
38,38,0
39,38,2353.5913414159
40,38,543.113835270753
41,38,2134.45054901124
42,38,1844.74899422082
43,38,1242.0802390706
44,38,295.916779800257
45,38,2458.01007485076
46,38,40.6801183377374
47,38,1203.95131089565
48,38,1408.15431535962
49,38,2370.2557540073
50,38,2420.6723211073
51,38,1622.95408835212
52,38,2090.84491376568
53,38,1413.11650202175
54,38,1254.50424497986
55,38,450.712108172061
1,39,2155.45398247099
2,39,2464.89221767855
3,39,944.959892394754
4,39,509.478412621778
5,39,2281.25201013368
6,39,611.453418051836
7,39,1008.81528572168
8,39,279.732506737516
9,39,360.095354347972
10,39,1029.69018671597
11,39,1985.59290717069
12,39,2085.06503736882
13,39,625.398193028608
14,39,2066.33069066226
15,39,545.98712358498
16,39,2172.35369606913
17,39,360.095354347972
18,39,477.255492105429
19,39,1029.69014111845
20,39,2014.92274129279
21,39,388.513308935492
22,39,2037.4876140266
23,39,746.818331047593
24,39,606.611390162532
25,39,2617.3922404298
26,39,746.818331047593
27,39,1629.56488486173
28,39,1141.38366251805
29,39,54.6880756752321
30,39,1524.12125584813
31,39,2157.38986740981
32,39,449.667384833249
33,39,1020.47108301905
34,39,275.706512584065
35,39,1701.7012604167
36,39,1581.16649669568
37,39,2362.35149374178
38,39,2353.5913414159
39,39,0
40,39,1917.6995323339
41,39,219.206417204817
42,39,794.510563116676
43,39,1566.59107643543
44,39,2100.83522287534
45,39,180.38775095215
46,39,2377.46136249838
47,39,1711.24778901379
48,39,1665.08235170827
49,39,33.5413168080005
50,39,222.666193835474
51,39,1202.35716169718
52,39,446.030308927185
53,39,1723.62508967866
54,39,1619.35733361342
55,39,1982.0715962521
1,40,461.839931698598
2,40,574.318671051451
3,40,1101.42771609219
4,40,1676.34634857232
5,40,1881.85999479977
6,40,1422.9889782252
7,40,1022.36567848007
8,40,1814.63317017715
9,40,1971.31768948706
10,40,1008.98674145441
11,40,361.571762656229
12,40,563.902657650122
13,40,1510.06657628626
14,40,472.904043597268
15,40,1566.41726523026
16,40,476.504107540898
17,40,1971.31768948706
18,40,1638.35639663719
19,40,1008.986772837
20,40,1363.17302539987
21,40,2148.8094742295
22,40,523.966687521104
23,40,1365.76460620419
24,40,1490.47824518935
25,40,719.492298254567
26,40,1365.76460620419
27,40,341.036836636913
28,40,959.168184155907
29,40,1952.47885012941
30,40,541.245866626885
31,40,461.294896816346
32,40,1632.93215895579
33,40,1014.02448687843
34,40,1936.12716752326
35,40,397.334476274735
36,40,369.70127854841
37,40,536.184530364915
38,40,543.113835270753
39,40,1917.6995323339
40,40,0
41,40,1700.64237225471
42,40,1329.1066767685
43,40,1178.62511135049
44,40,481.758890968355
45,40,1999.80047934111
46,40,581.076593664275
47,40,682.240880973326
48,40,1392.82952081276
49,40,1929.71763474618
50,40,1953.85541341462
51,40,1441.77624068106
52,40,1605.1018998451
53,40,1420.28635766416
54,40,721.324568696916
55,40,93.0429941152155
1,41,1936.78041250382
2,41,2245.98909800426
3,41,762.646576542298
4,41,452.254860314436
5,41,2133.50415009311
6,41,418.032901286143
7,41,819.729797524049
8,41,297.70891422774
9,41,455.867828302409
10,41,841.002438106315
11,41,1778.59909009353
12,41,1868.32688089214
13,41,511.083200783845
14,41,1848.2851731847
15,41,442.536920549798
16,41,1953.72323939814
17,41,455.867828302409
18,41,398.022476245966
19,41,841.002392123335
20,41,1835.96978623248
21,41,554.733309950288
22,41,1820.36962378087
23,41,601.747692086269
24,41,481.24604101734
25,41,2398.55573919519
26,41,601.747692086269
27,41,1417.38475760144
28,41,957.125311656653
29,41,251.994542577872
30,41,1320.52402336917
31,41,1938.70038039645
32,41,362.740935792137
33,41,831.448867566121
34,41,373.709333782983
35,41,1482.87695925138
36,41,1368.12801024477
37,41,2143.1606652749
38,41,2134.45054901124
39,41,219.206417204817
40,41,1700.64237225471
41,41,0
42,41,645.927523666359
43,41,1382.64841403682
44,41,1882.70477880632
45,41,350.561315549163
46,41,2158.42490284964
47,41,1522.16866524424
48,41,1498.39256385664
49,41,236.866608747383
50,41,347.582561523046
51,41,1048.2419158563
52,41,341.627669641686
53,41,1557.95697096939
54,41,1432.17249957153
55,41,1764.02280743157
1,42,1686.50272695677
2,42,1903.40386864682
3,42,227.855115075291
4,42,369.343646971142
5,42,2368.58264306648
6,42,760.143080386851
7,42,306.762648165356
8,42,572.680847286839
9,42,687.31752852504
10,42,320.487675294454
11,42,1291.30500935732
12,42,1676.02104004582
13,42,197.541762128341
14,42,1625.50424783859
15,42,273.164269136732
16,42,1704.31734856302
17,42,687.31752852504
18,42,353.923607167571
19,42,320.487642114171
20,42,1956.47633383607
21,42,874.523395926434
22,42,1623.12480206618
23,42,48.6057630101135
24,42,196.966640004817
25,42,2047.59253757424
26,42,48.6057630101135
27,42,995.180120600792
28,42,395.659821349173
29,42,846.837098918187
30,42,831.934226625298
31,42,1687.61960502883
32,42,365.94977804957
33,42,315.134588968285
34,42,680.629274340211
35,42,1259.94905822793
36,42,959.962783247669
37,42,1845.05103532559
38,42,1844.74899422082
39,42,794.510563116676
40,42,1329.1066767685
41,42,645.927523666359
42,42,0
43,42,1517.748170508
44,42,1655.17319734438
45,42,786.990812242259
46,42,1877.26011716183
47,42,951.966057726987
48,42,1702.06463257018
49,42,787.574830179302
50,42,719.274509421085
51,42,1352.217472419
52,42,355.976574826689
53,42,1760.56391873835
54,42,857.426804260233
55,42,1412.10683030315
1,43,1030.07872054444
2,43,1435.99808957267
3,43,1371.2217152287
4,43,1673.300711754
5,43,862.587606070058
6,43,964.678870479424
7,43,1332.28409186202
8,43,1651.10732674193
9,43,1825.84737684549
10,43,1339.51281230883
11,43,1504.63159292999
12,43,870.075765781276
13,43,1583.46207036574
14,43,921.058136458748
15,43,1582.51555172276
16,43,1038.61467914964
17,43,1825.84737684549
18,43,1609.20686934993
19,43,1339.51280004592
20,43,456.156198524789
21,43,1936.94990095183
22,43,852.820786708673
23,43,1518.14586180369
24,43,1543.71182054752
25,43,1567.9811734376
26,43,1518.14586180369
27,43,1195.8488926835
28,43,1404.96204647629
29,43,1568.06676172074
30,43,1319.09650365192
31,43,1032.92919490743
32,43,1580.83216514257
33,43,1334.9656424448
34,43,1750.1773221618
35,43,782.140712178439
36,43,1154.15154056978
37,43,1266.00553718621
38,43,1242.0802390706
39,43,1566.59107643543
40,43,1178.62511135049
41,43,1382.64841403682
42,43,1517.748170508
43,43,0
44,43,950.513291740078
45,43,1729.33381315618
46,43,1240.92955728286
47,43,1612.19969831408
48,43,225.857482194525
49,43,1595.39146414636
50,43,1729.79874127652
51,43,445.118270755943
52,43,1543.43245926442
53,43,270.536662654047
54,43,1582.68234996302
55,43,1162.29233972818
1,44,79.6617892963522
2,44,485.526738038965
3,44,1432.8765116302
4,44,1964.7946581158
5,44,1491.41507689291
6,44,1527.93350833312
7,44,1358.36886580715
8,44,2057.87640222487
9,44,2228.41522295432
10,44,1350.4065805554
11,44,828.46971378522
12,44,100.716458876959
13,44,1812.61132421279
14,44,35.2590872152819
15,44,1854.22309534767
16,44,88.7973955693281
17,44,2228.41522295432
18,44,1916.01821668846
19,44,1350.40660085806
20,44,986.662387522206
21,44,2391.11500177788
22,44,97.9846177878697
23,44,1683.11827959797
24,44,1785.12841967196
25,44,620.060310063361
26,44,1683.11827959797
27,44,763.621511527335
28,44,1333.10188850516
29,44,2125.29329221422
30,44,972.052293745543
31,44,82.5188081390346
32,44,1902.68010384184
33,44,1352.78626436477
34,44,2178.01766238589
35,44,405.623107476243
36,44,767.252829513523
37,44,317.627606771914
38,44,295.916779800257
39,44,2100.83522287534
40,44,481.758890968355
41,44,1882.70477880632
42,44,1655.17319734438
43,44,950.513291740078
44,44,0
45,44,2215.65275477058
46,44,302.921236653706
47,44,1158.44969994136
48,44,1125.37346240009
49,44,2119.52612754299
50,44,2183.60555815993
51,44,1327.07056653042
52,44,1869.82998847049
53,44,1134.80962039756
54,44,1188.16370319963
55,44,400.887652703722
1,45,2266.34473085739
2,45,2558.19522501621
3,45,969.551402754764
4,45,446.783696741594
5,45,2457.96186203593
6,45,766.399276912268
7,45,1040.79055173138
8,45,214.952405258539
9,45,202.965224348259
10,45,1060.57320158471
11,45,2037.01918417691
12,45,2206.3394093574
13,45,597.345158302264
14,45,2181.70322472247
15,45,516.88085850189
16,45,2283.57725942982
17,45,202.965224348259
18,45,437.589292133559
19,45,1060.57315766651
20,45,2180.71478366626
21,45,210.866643487482
22,45,2157.34439099921
23,45,738.428113711948
24,45,590.194910372925
25,45,2709.5826886421
26,45,738.428113711948
27,45,1696.07160064398
28,45,1163.54525722976
29,45,210.44092059967
30,45,1571.81170841586
31,45,2268.13843550755
32,45,421.245190109439
33,45,1052.05945596013
34,45,135.432318894405
35,45,1812.28943934051
36,45,1650.47499080735
37,45,2465.02178584534
38,45,2458.01007485076
39,45,180.38775095215
40,45,1999.80047934111
41,45,350.561315549163
42,45,786.990812242259
43,45,1729.33381315618
44,45,2215.65275477058
45,45,0
46,45,2483.87624462355
47,45,1732.4120472528
48,45,1835.9749278642
49,45,146.958599170238
50,45,77.3328530131217
51,45,1376.54423228423
52,45,432.860549226965
53,45,1894.94294901758
54,45,1638.59319506982
55,45,2069.41566496861
1,46,230.896007484624
2,46,225.377289869041
3,46,1650.39468868664
4,46,2205.99724672522
5,46,1694.92643842398
6,46,1817.42844568454
7,46,1572.82177875422
8,46,2316.63362357203
9,46,2483.16767564597
10,46,1562.00009869211
11,46,848.553273974373
12,46,371.091241494176
13,46,2046.80987451067
14,46,337.262524741655
15,46,2095.02434738057
16,46,216.595857795622
17,46,2483.16767564597
18,46,2161.3257315482
19,46,1562.00012495872
20,46,1216.04624690799
21,46,2651.7226586499
22,46,394.915881424344
23,46,1909.62321064058
24,46,2022.58440122689
25,46,330.230210156755
26,46,1909.62321064058
27,46,916.604909271751
28,46,1526.19494602657
29,46,2404.55726396469
30,46,1121.28229686183
31,46,228.442004919101
32,46,2150.98852295562
33,46,1565.77483177055
34,46,2437.83994269305
35,46,676.656695476095
36,46,936.43419754569
37,46,62.565552488025
38,46,40.6801183377374
39,46,2377.46136249838
40,46,581.076593664275
41,46,2158.42490284964
42,46,1877.26011716183
43,46,1240.92955728286
44,46,302.921236653706
45,46,2483.87624462355
46,46,0
47,46,1244.06281331666
48,46,1402.19480784514
49,46,2394.53562899634
50,46,2447.41992724496
51,46,1628.28651812169
52,46,2119.82619645643
53,46,1405.43144280731
54,46,1294.09393297561
55,46,488.395920075301
1,47,1143.9189479313
2,47,1171.20282533193
3,47,766.85276933252
4,47,1319.32605038513
5,47,2426.00404073644
6,47,1410.1666610884
7,47,703.181356762377
8,47,1520.65965150127
9,47,1638.36449732161
10,47,682.086720348007
11,47,427.504876381778
12,47,1231.28550302817
13,47,1149.07773808844
14,47,1144.97901585551
15,47,1224.83570012965
16,47,1158.72249521182
17,47,1638.36449732161
18,47,1305.50222587446
19,47,682.086766188634
20,47,1917.43241164409
21,47,1825.70195166954
22,47,1185.42905454434
23,47,999.509963257873
24,47,1147.38340431169
25,47,1285.52884328548
26,47,999.509963257873
27,47,437.630746621437
28,47,570.591476838211
29,47,1758.74023631512
30,47,298.081793081257
31,47,1143.42639471611
32,47,1314.96101607357
33,47,691.473255029438
34,47,1631.90188669344
35,47,921.567725499866
36,47,467.219843241931
37,47,1190.90497424061
38,47,1203.95131089565
39,47,1711.24778901379
40,47,682.240880973326
41,47,1522.16866524424
42,47,951.966057726987
43,47,1612.19969831408
44,47,1158.44969994136
45,47,1732.4120472528
46,47,1244.06281331666
47,47,0
48,47,1837.92796116864
49,47,1711.3284855573
50,47,1668.07058822007
51,47,1714.38832030934
52,47,1299.88046848501
53,47,1880.85225300311
54,47,94.6812889647421
55,47,772.326176683629
1,48,1204.74881891957
2,48,1608.33199212562
3,48,1569.67723615037
4,48,1826.93733324566
5,48,666.6277417526
6,48,1086.86670891037
7,48,1535.77896068244
8,48,1780.51942200607
9,48,1951.03424958733
10,48,1544.35528442152
11,48,1725.1590087145
12,48,1036.79206744227
13,48,1751.30348619605
14,48,1098.88833586754
15,48,1742.72341121446
16,48,1211.18553243492
17,48,1951.03424958733
18,48,1761.78261550057
19,48,1544.35526923094
20,48,378.029840024688
21,48,2046.34118521659
22,48,1027.62056810555
23,48,1698.38755636503
24,48,1710.65317046941
25,48,1732.25946455698
26,48,1698.38755636503
27,48,1421.34248581343
28,48,1615.77289473353
29,48,1659.54599000833
30,48,1544.43059776261
31,48,1207.6020129833
32,48,1731.29335627883
33,48,1539.23462151398
34,48,1871.39235905719
35,48,998.813477701465
36,48,1379.91211534025
37,48,1433.78820513607
38,48,1408.15431535962
39,48,1665.08235170827
40,48,1392.82952081276
41,48,1498.39256385664
42,48,1702.06463257018
43,48,225.857482194525
44,48,1125.37346240009
45,48,1835.9749278642
46,48,1402.19480784514
47,48,1837.92796116864
48,48,0
49,48,1695.81294938622
50,48,1845.06152134253
51,48,470.537929191224
52,48,1694.22566682215
53,48,60.1980025689247
54,48,1807.68323922059
55,48,1370.78321575694
1,49,2173.36281200998
2,49,2479.36643654569
3,49,944.529368306813
4,49,491.295591122795
5,49,2313.47227475093
6,49,637.832353402618
7,49,1009.96160403064
8,49,257.560244390514
9,49,328.186246857394
10,49,1030.6748314102
11,49,1991.64625691255
12,49,2105.07702356225
13,49,613.931693430655
14,49,2085.12294108814
15,49,533.769398098768
16,49,2190.33610755985
17,49,328.186246857394
18,49,462.577465657323
19,49,1030.67478603175
20,49,2044.48964918324
21,49,355.717251826749
22,49,2057.1911031275
23,49,739.524543076448
24,49,597.09656437623
25,49,2631.6912794092
26,49,739.524543076448
27,49,1638.30668195781
28,49,1140.93436166587
29,49,77.3422292405449
30,49,1529.09539942136
31,49,2175.27044456702
32,49,436.608887741223
33,49,1021.57016526513
34,49,244.615262560933
35,49,1719.34908250212
36,49,1590.41959788966
37,49,2378.66679291023
38,49,2370.2557540073
39,49,33.5413168080005
40,49,1929.71763474618
41,49,236.866608747383
42,49,787.574830179302
43,49,1595.39146414636
44,49,2119.52612754299
45,49,146.958599170238
46,49,2394.53562899634
47,49,1711.3284855573
48,49,1695.81294938622
49,49,0
50,49,190.355750652584
51,49,1233.85729513743
52,49,435.629234490259
53,49,1754.46438887769
54,49,1618.99208119483
55,49,1995.16648940818
1,50,2232.30034209361
2,50,2515.9036070241
3,50,908.521538518984
4,50,372.043072652112
5,50,2475.37168621471
6,50,765.14654132479
7,50,981.400969047818
8,50,147.464628359545
9,50,138.094402101217
10,50,1000.7690241623
11,50,1980.47030354872
12,50,2177.60963640642
13,50,526.943217573909
14,50,2149.98778220283
15,50,447.230186155534
16,50,2249.6666691606
17,50,138.094402101217
18,50,367.017865597102
19,50,1000.76898094563
20,50,2183.47138661323
21,50,211.948319106172
22,50,2127.95393360279
23,50,670.882190622459
24,50,522.333223408646
25,50,2666.66377609988
26,50,670.882190622459
27,50,1645.08778733774
28,50,1100.91827230076
29,50,264.147063513946
30,50,1515.04088389228
31,50,2234.02307990717
32,50,353.562479447453
33,50,992.499067784085
34,50,59.6628646662258
35,50,1778.96901562135
36,50,1600.58409580802
37,50,2426.8860474631
38,50,2420.6723211073
39,50,222.666193835474
40,50,1953.85541341462
41,50,347.582561523046
42,50,719.274509421085
43,50,1729.79874127652
44,50,2183.60555815993
45,50,77.3328530131217
46,50,2447.41992724496
47,50,1668.07058822007
48,50,1845.06152134253
49,50,190.355750652584
50,50,0
51,50,1391.0855022248
52,50,368.772174670931
53,50,1904.48254000543
54,50,1573.95073899484
55,50,2025.39778833869
1,51,1404.12380290482
2,51,1803.24901356552
3,51,1266.36673755018
4,51,1414.21230455507
5,51,1085.28518796191
6,51,653.193689421999
7,51,1252.46903686628
8,51,1339.01361476428
9,51,1504.00641219699
10,51,1266.02207592504
11,51,1715.93800964126
12,51,1260.96237455744
13,51,1363.94882115633
14,51,1294.11686980504
15,51,1341.947391133
16,51,1415.58890211609
17,51,1504.00641219699
18,51,1348.63589809309
19,51,1266.02204954419
20,51,840.742433898898
21,51,1587.40497210206
22,51,1233.37132253079
23,51,1338.67618160577
24,51,1322.56542868135
25,51,1945.1895809505
26,51,1338.67618160577
27,51,1355.44975606972
28,51,1360.80780655697
29,51,1193.86019812758
30,51,1418.05078596515
31,51,1406.87512055777
32,51,1315.63768891466
33,51,1258.82770388552
34,51,1421.71495566704
35,51,1058.08988804512
36,51,1304.56495696905
37,51,1643.89578658049
38,51,1622.95408835212
39,51,1202.35716169718
40,51,1441.77624068106
41,51,1048.2419158563
42,51,1352.217472419
43,51,445.118270755943
44,51,1327.07056653042
45,51,1376.54423228423
46,51,1628.28651812169
47,51,1714.38832030934
48,51,470.537929191224
49,51,1233.85729513743
50,51,1391.0855022248
51,51,0
52,51,1279.75425043269
53,51,526.622168530464
54,51,1662.01629226283
55,51,1450.57393594874
1,52,1912.39580864603
2,52,2173.57193721699
3,52,540.16395448361
4,52,134.472413530371
5,52,2352.043137654
6,52,628.394517030746
7,52,614.050893043047
8,52,221.377864436442
9,52,366.239237343275
10,52,633.057776634987
11,52,1614.57864432349
12,52,1874.0551731082
13,52,179.775456219775
14,52,1837.42524066035
15,52,102.990528615992
16,52,1930.05045768521
17,52,366.239237343275
18,52,68.9793698194263
19,52,633.057733998335
20,52,1998.4488281487
21,52,545.995973077009
22,52,1822.69147479079
23,52,307.404837670684
24,52,161.730064048605
25,52,2322.56252216923
26,52,307.404837670684
27,52,1287.44485689306
28,52,732.148943908082
29,52,499.909351107653
30,52,1149.36093007777
31,52,1913.90598535588
32,52,37.4205195231456
33,52,624.988211991533
34,52,337.848483713106
35,52,1464.51068864754
36,52,1245.1001809135
37,52,2094.95678182757
38,52,2090.84491376568
39,52,446.030308927185
40,52,1605.1018998451
41,52,341.627669641686
42,52,355.976574826689
43,52,1543.43245926442
44,52,1869.82998847049
45,52,432.860549226965
46,52,2119.82619645643
47,52,1299.88046848501
48,52,1694.22566682215
49,52,435.629234490259
50,52,368.772174670931
51,52,1279.75425043269
52,52,0
53,52,1754.39798599662
54,52,1205.93362818934
55,52,1680.64753867586
1,53,1213.73574852672
2,53,1615.06883425484
3,53,1626.21439687997
4,53,1887.08340249159
5,53,608.034469651146
6,53,1146.83334447812
7,53,1591.31491310106
8,53,1840.4857324997
9,53,2010.83944869684
10,53,1599.59290391887
11,53,1757.23520258484
12,53,1043.71544193875
13,53,1811.01040476647
14,53,1109.6047405299
15,53,1802.71974410587
16,53,1219.343252926
17,53,2010.83944869684
18,53,1821.93882370893
19,53,1599.59288939762
20,53,332.848224281886
21,53,2105.39441797632
22,53,1037.57803674497
23,53,1757.26624962869
24,53,1770.3941748904
25,53,1735.65297531015
26,53,1757.26624962869
27,53,1460.7862855338
28,53,1669.44401200552
29,53,1717.60166280105
30,53,1588.72502203385
31,53,1216.57737611349
32,53,1791.47062996014
33,53,1594.60081654434
34,53,1931.06593439611
35,53,1028.94223190201
36,53,1420.49953173719
37,53,1439.2977550768
38,53,1413.11650202175
39,53,1723.62508967866
40,53,1420.28635766416
41,53,1557.95697096939
42,53,1760.56391873835
43,53,270.536662654047
44,53,1134.80962039756
45,53,1894.94294901758
46,53,1405.43144280731
47,53,1880.85225300311
48,53,60.1980025689247
49,53,1754.46438887769
50,53,1904.48254000543
51,53,526.622168530464
52,53,1754.39798599662
53,53,0
54,53,1852.64388180103
55,53,1394.70102672965
1,54,1179.66481470949
2,54,1234.51546230053
3,54,674.497104746517
4,54,1224.66075483835
5,54,2409.13643718913
6,54,1332.20896833726
7,54,612.519052726033
8,54,1426.57036897002
9,54,1543.71061538387
10,54,591.30052402944
11,54,502.194017007458
12,54,1255.53705075151
13,54,1054.47683576735
14,54,1172.19787481792
15,54,1130.36302537344
16,54,1195.17241677105
17,54,1543.71061538387
18,54,1211.0492761384
19,54,591.30056998323
20,54,1905.61621334285
21,54,1731.04856928812
22,54,1207.78951171984
23,54,905.032088922323
24,54,1052.99739389755
25,54,1354.1914166634
26,54,905.032088922323
27,54,440.702207206463
28,54,478.064585449061
29,54,1667.22780688647
30,54,265.045272008011
31,54,1179.38709871193
32,54,1220.72678732744
33,54,600.79850146574
34,54,1537.51654310467
35,54,922.579955737281
36,54,460.122675296148
37,54,1243.17481022945
38,54,1254.50424497986
39,54,1619.35733361342
40,54,721.324568696916
41,54,1432.17249957153
42,54,857.426804260233
43,54,1582.68234996302
44,54,1188.16370319963
45,54,1638.59319506982
46,54,1294.09393297561
47,54,94.6812889647421
48,54,1807.68323922059
49,54,1618.99208119483
50,54,1573.95073899484
51,54,1662.01629226283
52,54,1205.93362818934
53,54,1852.64388180103
54,54,0
55,54,813.489585906292
1,55,374.083076052859
2,55,493.356716649158
3,55,1184.2549815619
4,55,1755.41132804525
5,55,1834.48317311041
6,55,1471.93126648928
7,55,1105.42617768076
8,55,1887.74727523897
9,55,2046.82058588311
10,55,1092.71091498004
11,55,428.883358794938
12,55,488.698331179622
13,55,1590.547191735
14,55,395.935222314778
15,55,1645.07455006957
16,55,387.997025617266
17,55,2046.82058588311
18,55,1715.83384276005
19,55,1092.71094503412
20,55,1317.0775728656
21,55,2222.6310812933
22,55,452.995863571174
23,55,1447.74976055882
24,55,1569.82947776799
25,55,641.989185606009
26,55,1447.74976055882
27,55,430.640631927663
28,55,1046.7792616449
29,55,2015.34943973446
30,55,633.183040289379
31,55,373.332683761875
32,55,1709.28353561544
33,55,1097.41633992613
34,55,2009.38509546368
35,55,393.219564672327
36,55,455.687537652955
37,55,444.560986274611
38,55,450.712108172061
39,55,1982.0715962521
40,55,93.0429941152155
41,55,1764.02280743157
42,55,1412.10683030315
43,55,1162.29233972818
44,55,400.887652703722
45,55,2069.41566496861
46,55,488.395920075301
47,55,772.326176683629
48,55,1370.78321575694
49,55,1995.16648940818
50,55,2025.39778833869
51,55,1450.57393594874
52,55,1680.64753867586
53,55,1394.70102672965
54,55,813.489585906292
55,55,0
